Taxa,ID,g,f,o,c,p,Drug,beta,FDR,Influence,anti,Group
k__Bacteria.p__Firmicutes.c__Bacilli.o__Lactobacillales.__.__.__,o__Lactobacillales,g__8,f__3,o__Lactobacillales,c__Bacilli,p__Firmicutes,Busulfan,15.2910845,0,Promotion,no,Single drug analysis
k__Bacteria.p__Firmicutes.c__Bacilli.o__Lactobacillales.f__Enterococcaceae.g__Enterococcus.__,g__Enterococcus1,g__Enterococcus,f__Enterococcaceae,o__Lactobacillales,c__Bacilli,p__Firmicutes,Busulfan,-7.751319584,1.14E-216,Inhibition,no,Single drug analysis
k__Bacteria.p__Firmicutes.c__Bacilli.o__Lactobacillales.f__Enterococcaceae.g__Enterococcus.s__,g__Enterococcus2,g__Enterococcus,f__Enterococcaceae,o__Lactobacillales,c__Bacilli,p__Firmicutes,Busulfan,-1.480524599,0.044950891,Inhibition,no,Single drug analysis
k__Bacteria.p__Firmicutes.c__Bacilli.o__Lactobacillales.f__Lactobacillaceae.g__Lactobacillus.__,g__Lactobacillus,g__Lactobacillus,f__Lactobacillaceae,o__Lactobacillales,c__Bacilli,p__Firmicutes,Busulfan,-5.252457481,5.16E-85,Inhibition,no,Single drug analysis
k__Bacteria.p__Firmicutes.c__Bacilli.o__Lactobacillales.f__Lactobacillaceae.g__Lactobacillus.s__zeae,L. zeae,g__Lactobacillus,f__Lactobacillaceae,o__Lactobacillales,c__Bacilli,p__Firmicutes,Busulfan,-1.337961466,1.34E-05,Inhibition,no,Single drug analysis
k__Bacteria.p__Firmicutes.c__Bacilli.o__Lactobacillales.f__Streptococcaceae.g__Streptococcus.s__,g__Streptococcus,g__Streptococcus,f__Streptococcaceae,o__Lactobacillales,c__Bacilli,p__Firmicutes,Busulfan,4.344719385,9.58E-98,Promotion,no,Single drug analysis
k__Bacteria.p__Firmicutes.c__Clostridia.o__Clostridiales.f__Lachnospiraceae.g__Blautia.s__,g__Blautia,g__Blautia,f__Lachnospiraceae,o__Clostridiales,c__Clostridia,p__Firmicutes,Busulfan,2.705610212,0.000888394,Promotion,no,Single drug analysis
k__Bacteria.p__Firmicutes.c__Clostridia.o__Clostridiales.f__Lachnospiraceae.g__Blautia.s__producta,B. producta,g__Blautia,f__Lachnospiraceae,o__Clostridiales,c__Clostridia,p__Firmicutes,Busulfan,1.692721371,0.017654865,Promotion,no,Single drug analysis
k__Bacteria.p__Firmicutes.c__Clostridia.o__Clostridiales.f__Ruminococcaceae.__.__,f__Ruminococcaceae,g__2,f__Ruminococcaceae,o__Clostridiales,c__Clostridia,p__Firmicutes,Busulfan,3.21239968,5.10E-06,Promotion,no,Single drug analysis
k__Bacteria.p__Proteobacteria.c__Gammaproteobacteria.o__Enterobacteriales.f__Enterobacteriaceae.__.__,f__Enterobacteriaceae,g__1,f__Enterobacteriaceae,o__Enterobacteriales,c__Gammaproteobacteria,p__Proteobacteria,Busulfan,1.768237809,7.50E-07,Promotion,no,Single drug analysis
k__Bacteria.p__Firmicutes.c__Bacilli.o__Lactobacillales.__.__.__,o__Lactobacillales,g__8,f__3,o__Lactobacillales,c__Bacilli,p__Firmicutes,Cyclophosphamide,16.07830032,0,Promotion,no,Single drug analysis
k__Bacteria.p__Firmicutes.c__Bacilli.o__Lactobacillales.f__Enterococcaceae.g__Enterococcus.__,g__Enterococcus1,g__Enterococcus,f__Enterococcaceae,o__Lactobacillales,c__Bacilli,p__Firmicutes,Cyclophosphamide,1.907710973,3.66E-10,Promotion,no,Single drug analysis
k__Bacteria.p__Firmicutes.c__Bacilli.o__Lactobacillales.f__Lactobacillaceae.g__Lactobacillus.__,g__Lactobacillus,g__Lactobacillus,f__Lactobacillaceae,o__Lactobacillales,c__Bacilli,p__Firmicutes,Cyclophosphamide,-5.162265548,2.15E-58,Inhibition,no,Single drug analysis
k__Bacteria.p__Firmicutes.c__Bacilli.o__Lactobacillales.f__Streptococcaceae.g__Streptococcus.s__,g__Streptococcus,g__Streptococcus,f__Streptococcaceae,o__Lactobacillales,c__Bacilli,p__Firmicutes,Cyclophosphamide,4.900972255,3.56E-87,Promotion,no,Single drug analysis
k__Bacteria.p__Firmicutes.c__Clostridia.o__Clostridiales.f__Ruminococcaceae.__.__,f__Ruminococcaceae,g__2,f__Ruminococcaceae,o__Clostridiales,c__Clostridia,p__Firmicutes,Cyclophosphamide,3.886081501,6.08E-06,Promotion,no,Single drug analysis
k__Bacteria.p__Firmicutes.c__Erysipelotrichi.o__Erysipelotrichales.f__Erysipelotrichaceae.g__.Eubacterium..s__dolichum,E. dolichum,g__Eubacterium,f__Erysipelotrichaceae,o__Erysipelotrichales,c__Erysipelotrichi,p__Firmicutes,Cyclophosphamide,-4.062235121,2.56E-21,Inhibition,no,Single drug analysis
k__Bacteria.p__Proteobacteria.c__Gammaproteobacteria.o__Enterobacteriales.f__Enterobacteriaceae.__.__,f__Enterobacteriaceae,g__1,f__Enterobacteriaceae,o__Enterobacteriales,c__Gammaproteobacteria,p__Proteobacteria,Cyclophosphamide,-2.739437566,8.76E-12,Inhibition,no,Single drug analysis
k__Bacteria.p__Bacteroidetes.c__Bacteroidia.o__Bacteroidales.f__Bacteroidaceae.g__Bacteroides.s__,g__Bacteroides,g__Bacteroides,f__Bacteroidaceae,o__Bacteroidales,c__Bacteroidia,p__Bacteroidetes,Amoxicillin,1.353607712,0.006235181,Promotion,yes,Single drug analysis
k__Bacteria.p__Bacteroidetes.c__Bacteroidia.o__Bacteroidales.f__Bacteroidaceae.g__Bacteroides.s__ovatus,B. ovatus,g__Bacteroides,f__Bacteroidaceae,o__Bacteroidales,c__Bacteroidia,p__Bacteroidetes,Amoxicillin,-2.591872988,0.078739569,Inhibition,yes,Single drug analysis
k__Bacteria.p__Firmicutes.c__Bacilli.o__Lactobacillales.__.__.__,o__Lactobacillales,g__8,f__3,o__Lactobacillales,c__Bacilli,p__Firmicutes,Amoxicillin,-3.42981976,5.38E-22,Inhibition,yes,Single drug analysis
k__Bacteria.p__Firmicutes.c__Bacilli.o__Lactobacillales.f__Enterococcaceae.g__Enterococcus.__,g__Enterococcus1,g__Enterococcus,f__Enterococcaceae,o__Lactobacillales,c__Bacilli,p__Firmicutes,Amoxicillin,-5.961150781,1.23E-51,Inhibition,yes,Single drug analysis
k__Bacteria.p__Firmicutes.c__Bacilli.o__Lactobacillales.f__Streptococcaceae.g__Streptococcus.s__,g__Streptococcus,g__Streptococcus,f__Streptococcaceae,o__Lactobacillales,c__Bacilli,p__Firmicutes,Amoxicillin,1.503842862,0.002753581,Promotion,yes,Single drug analysis
k__Bacteria.p__Proteobacteria.c__Gammaproteobacteria.o__Enterobacteriales.f__Enterobacteriaceae.__.__,f__Enterobacteriaceae,g__1,f__Enterobacteriaceae,o__Enterobacteriales,c__Gammaproteobacteria,p__Proteobacteria,Amoxicillin,1.120562198,0.078739569,Promotion,yes,Single drug analysis
k__Bacteria.p__Firmicutes.c__Clostridia.o__Clostridiales.f__Ruminococcaceae.g__Oscillospira.s__,g__Oscillospira,g__Oscillospira,f__Ruminococcaceae,o__Clostridiales,c__Clostridia,p__Firmicutes,Antibiotic,-0.577797175,0.053063918,Inhibition,yes,Single drug analysis
k__Bacteria.p__Firmicutes.c__Clostridia.o__Clostridiales.f__Ruminococcaceae.g__Ruminococcus.s__,g__Ruminococcus1,g__Ruminococcus1,f__Ruminococcaceae,o__Clostridiales,c__Clostridia,p__Firmicutes,Antibiotic,-0.405110657,0.053063918,Inhibition,yes,Single drug analysis
k__Bacteria.p__Firmicutes.c__Clostridia.o__Clostridiales.f__Veillonellaceae.g__Veillonella.s__parvula,V. parvula,g__Veillonella,f__Veillonellaceae,o__Clostridiales,c__Clostridia,p__Firmicutes,Antibiotic,-0.478040382,0.095253651,Inhibition,yes,Single drug analysis
k__Bacteria.p__Bacteroidetes.c__Bacteroidia.o__Bacteroidales.f__Bacteroidaceae.g__Bacteroides.s__,g__Bacteroides,g__Bacteroides,f__Bacteroidaceae,o__Bacteroidales,c__Bacteroidia,p__Bacteroidetes,Ceftazidime,2.070912323,6.26E-06,Promotion,yes,Single drug analysis
k__Bacteria.p__Bacteroidetes.c__Bacteroidia.o__Bacteroidales.f__Bacteroidaceae.g__Bacteroides.s__fragilis,B. fragilis,g__Bacteroides,f__Bacteroidaceae,o__Bacteroidales,c__Bacteroidia,p__Bacteroidetes,Ceftazidime,2.84501394,2.89E-05,Promotion,yes,Single drug analysis
k__Bacteria.p__Firmicutes.c__Bacilli.o__Lactobacillales.f__Enterococcaceae.g__Enterococcus.__,g__Enterococcus1,g__Enterococcus,f__Enterococcaceae,o__Lactobacillales,c__Bacilli,p__Firmicutes,Ceftazidime,2.747766329,2.06E-09,Promotion,yes,Single drug analysis
k__Bacteria.p__Proteobacteria.c__Gammaproteobacteria.o__Enterobacteriales.f__Enterobacteriaceae.__.__,f__Enterobacteriaceae,g__1,f__Enterobacteriaceae,o__Enterobacteriales,c__Gammaproteobacteria,p__Proteobacteria,Ceftazidime,4.564652201,1.35E-22,Promotion,yes,Single drug analysis
k__Bacteria.p__Firmicutes.c__Bacilli.o__Lactobacillales.__.__.__,o__Lactobacillales,g__8,f__3,o__Lactobacillales,c__Bacilli,p__Firmicutes,Ciprofloxacin,-2.303926265,9.97E-15,Inhibition,yes,Single drug analysis
k__Bacteria.p__Firmicutes.c__Bacilli.o__Lactobacillales.f__Lactobacillaceae.g__Lactobacillus.__,g__Lactobacillus,g__Lactobacillus,f__Lactobacillaceae,o__Lactobacillales,c__Bacilli,p__Firmicutes,Ciprofloxacin,1.397644836,0.011656389,Promotion,yes,Single drug analysis
k__Bacteria.p__Firmicutes.c__Bacilli.o__Lactobacillales.f__Lactobacillaceae.g__Lactobacillus.s__zeae,L. zeae,g__Lactobacillus,f__Lactobacillaceae,o__Lactobacillales,c__Bacilli,p__Firmicutes,Ciprofloxacin,-3.168908532,1.83E-11,Inhibition,yes,Single drug analysis
k__Bacteria.p__Firmicutes.c__Bacilli.o__Lactobacillales.f__Streptococcaceae.g__Streptococcus.s__,g__Streptococcus,g__Streptococcus,f__Streptococcaceae,o__Lactobacillales,c__Bacilli,p__Firmicutes,Ciprofloxacin,1.573475951,0.000148216,Promotion,yes,Single drug analysis
k__Bacteria.p__Firmicutes.c__Clostridia.o__Clostridiales.f__Lachnospiraceae.g__Blautia.s__producta,B. producta,g__Blautia,f__Lachnospiraceae,o__Clostridiales,c__Clostridia,p__Firmicutes,Ciprofloxacin,-2.425845365,0.024265737,Inhibition,yes,Single drug analysis
k__Bacteria.p__Firmicutes.c__Bacilli.o__Lactobacillales.__.__.__,o__Lactobacillales,g__8,f__3,o__Lactobacillales,c__Bacilli,p__Firmicutes,Fludarabine,1.046436765,3.27E-05,Promotion,no,Single drug analysis
k__Bacteria.p__Firmicutes.c__Bacilli.o__Lactobacillales.f__Enterococcaceae.g__Enterococcus.__,g__Enterococcus1,g__Enterococcus,f__Enterococcaceae,o__Lactobacillales,c__Bacilli,p__Firmicutes,Fludarabine,-5.426167155,2.95E-72,Inhibition,no,Single drug analysis
k__Bacteria.p__Firmicutes.c__Bacilli.o__Lactobacillales.f__Enterococcaceae.g__Enterococcus.s__,g__Enterococcus2,g__Enterococcus,f__Enterococcaceae,o__Lactobacillales,c__Bacilli,p__Firmicutes,Fludarabine,-3.78948153,1.38E-11,Inhibition,no,Single drug analysis
k__Bacteria.p__Firmicutes.c__Bacilli.o__Lactobacillales.f__Lactobacillaceae.g__Lactobacillus.__,g__Lactobacillus,g__Lactobacillus,f__Lactobacillaceae,o__Lactobacillales,c__Bacilli,p__Firmicutes,Fludarabine,2.013352623,1.60E-07,Promotion,no,Single drug analysis
k__Bacteria.p__Firmicutes.c__Bacilli.o__Lactobacillales.f__Lactobacillaceae.g__Lactobacillus.s__zeae,L. zeae,g__Lactobacillus,f__Lactobacillaceae,o__Lactobacillales,c__Bacilli,p__Firmicutes,Fludarabine,-2.063756502,2.44E-05,Inhibition,no,Single drug analysis
k__Bacteria.p__Firmicutes.c__Erysipelotrichi.o__Erysipelotrichales.f__Erysipelotrichaceae.g__.Eubacterium..s__dolichum,E. dolichum,g__Eubacterium,f__Erysipelotrichaceae,o__Erysipelotrichales,c__Erysipelotrichi,p__Firmicutes,Fludarabine,-6.472442426,3.54E-49,Inhibition,no,Single drug analysis
k__Bacteria.p__Proteobacteria.c__Gammaproteobacteria.o__Enterobacteriales.f__Enterobacteriaceae.__.__,f__Enterobacteriaceae,g__1,f__Enterobacteriaceae,o__Enterobacteriales,c__Gammaproteobacteria,p__Proteobacteria,Fludarabine,3.267824151,1.51E-15,Promotion,no,Single drug analysis
k__Bacteria.p__Actinobacteria.c__Actinobacteria.o__Bifidobacteriales.f__Bifidobacteriaceae.g__Bifidobacterium.s__breve,B. breve,g__Bifidobacterium,f__Bifidobacteriaceae,o__Bifidobacteriales,c__Actinobacteria,p__Actinobacteria,Melphalan,2.729347799,0.000101657,Promotion,no,Single drug analysis
k__Bacteria.p__Bacteroidetes.c__Bacteroidia.o__Bacteroidales.f__Bacteroidaceae.g__Bacteroides.s__fragilis,B. fragilis,g__Bacteroides,f__Bacteroidaceae,o__Bacteroidales,c__Bacteroidia,p__Bacteroidetes,Melphalan,2.901895279,0.043864657,Promotion,no,Single drug analysis
k__Bacteria.p__Bacteroidetes.c__Bacteroidia.o__Bacteroidales.f__Bacteroidaceae.g__Bacteroides.s__ovatus,B. ovatus,g__Bacteroides,f__Bacteroidaceae,o__Bacteroidales,c__Bacteroidia,p__Bacteroidetes,Melphalan,3.825102716,1.71E-10,Promotion,no,Single drug analysis
k__Bacteria.p__Firmicutes.c__Bacilli.o__Lactobacillales.__.__.__,o__Lactobacillales,g__8,f__3,o__Lactobacillales,c__Bacilli,p__Firmicutes,Melphalan,30.18990481,0,Promotion,no,Single drug analysis
k__Bacteria.p__Firmicutes.c__Bacilli.o__Lactobacillales.f__Enterococcaceae.g__Enterococcus.__,g__Enterococcus1,g__Enterococcus,f__Enterococcaceae,o__Lactobacillales,c__Bacilli,p__Firmicutes,Melphalan,4.992883421,3.93E-231,Promotion,no,Single drug analysis
k__Bacteria.p__Firmicutes.c__Bacilli.o__Lactobacillales.f__Lactobacillaceae.g__Lactobacillus.__,g__Lactobacillus,g__Lactobacillus,f__Lactobacillaceae,o__Lactobacillales,c__Bacilli,p__Firmicutes,Melphalan,-9.571502261,0,Inhibition,no,Single drug analysis
k__Bacteria.p__Firmicutes.c__Bacilli.o__Lactobacillales.f__Streptococcaceae.g__Streptococcus.s__,g__Streptococcus,g__Streptococcus,f__Streptococcaceae,o__Lactobacillales,c__Bacilli,p__Firmicutes,Melphalan,-0.476460801,0.000595573,Inhibition,no,Single drug analysis
k__Bacteria.p__Firmicutes.c__Clostridia.o__Clostridiales.f__.g__.s__,o__Clostridiales1,g__6,f__1,o__Clostridiales,c__Clostridia,p__Firmicutes,Melphalan,-3.596993286,3.21E-10,Inhibition,no,Single drug analysis
k__Bacteria.p__Firmicutes.c__Clostridia.o__Clostridiales.f__Clostridiaceae.g__Clostridium.s__,g__Clostridium,g__Clostridium3,f__Clostridiaceae,o__Clostridiales,c__Clostridia,p__Firmicutes,Melphalan,-2.240950274,0.053377691,Inhibition,no,Single drug analysis
k__Bacteria.p__Firmicutes.c__Clostridia.o__Clostridiales.f__Lachnospiraceae.g__Blautia.s__,g__Blautia,g__Blautia,f__Lachnospiraceae,o__Clostridiales,c__Clostridia,p__Firmicutes,Melphalan,2.582934916,6.45E-08,Promotion,no,Single drug analysis
k__Bacteria.p__Firmicutes.c__Clostridia.o__Clostridiales.f__Lachnospiraceae.g__Blautia.s__producta,B. producta,g__Blautia,f__Lachnospiraceae,o__Clostridiales,c__Clostridia,p__Firmicutes,Melphalan,3.295247886,7.65E-20,Promotion,no,Single drug analysis
k__Bacteria.p__Firmicutes.c__Clostridia.o__Clostridiales.f__Ruminococcaceae.__.__,f__Ruminococcaceae,g__2,f__Ruminococcaceae,o__Clostridiales,c__Clostridia,p__Firmicutes,Melphalan,7.598581493,1.53E-97,Promotion,no,Single drug analysis
k__Bacteria.p__Firmicutes.c__Erysipelotrichi.o__Erysipelotrichales.f__Erysipelotrichaceae.g__.Eubacterium..s__dolichum,E. dolichum,g__Eubacterium,f__Erysipelotrichaceae,o__Erysipelotrichales,c__Erysipelotrichi,p__Firmicutes,Melphalan,-7.93895207,7.67E-256,Inhibition,no,Single drug analysis
k__Bacteria.p__Firmicutes.c__Bacilli.o__Lactobacillales.f__Enterococcaceae.g__Enterococcus.__,g__Enterococcus1,g__Enterococcus,f__Enterococcaceae,o__Lactobacillales,c__Bacilli,p__Firmicutes,Meropenem,0.156999086,0.001615649,Promotion,yes,Single drug analysis
k__Bacteria.p__Firmicutes.c__Bacilli.o__Lactobacillales.f__Enterococcaceae.g__Enterococcus.s__,g__Enterococcus2,g__Enterococcus,f__Enterococcaceae,o__Lactobacillales,c__Bacilli,p__Firmicutes,Meropenem,0.176984243,0.001615649,Promotion,yes,Single drug analysis
k__Bacteria.p__Firmicutes.c__Bacilli.o__Lactobacillales.f__Streptococcaceae.g__Streptococcus.s__,g__Streptococcus,g__Streptococcus,f__Streptococcaceae,o__Lactobacillales,c__Bacilli,p__Firmicutes,Meropenem,0.632935371,0.001615649,Promotion,yes,Single drug analysis
k__Bacteria.p__Firmicutes.c__Clostridia.o__Clostridiales.__.__.__,o__Clostridiales2,g__7,f__2,o__Clostridiales,c__Clostridia,p__Firmicutes,Meropenem,-0.287369994,0.080260687,Inhibition,yes,Single drug analysis
k__Bacteria.p__Firmicutes.c__Clostridia.o__Clostridiales.f__Lachnospiraceae.g__Coprococcus.s__,g__Coprococcus,g__Coprococcus,f__Lachnospiraceae,o__Clostridiales,c__Clostridia,p__Firmicutes,Meropenem,-1.615131643,3.23E-05,Inhibition,yes,Single drug analysis
k__Bacteria.p__Firmicutes.c__Clostridia.o__Clostridiales.f__Ruminococcaceae.g__Oscillospira.s__,g__Oscillospira,g__Oscillospira,f__Ruminococcaceae,o__Clostridiales,c__Clostridia,p__Firmicutes,Meropenem,-0.990572143,0.00294514,Inhibition,yes,Single drug analysis
k__Bacteria.p__Firmicutes.c__Clostridia.o__Clostridiales.f__Ruminococcaceae.g__Ruminococcus.s__,g__Ruminococcus1,g__Ruminococcus1,f__Ruminococcaceae,o__Clostridiales,c__Clostridia,p__Firmicutes,Meropenem,-0.611929456,0.001615649,Inhibition,yes,Single drug analysis
k__Bacteria.p__Bacteroidetes.c__Bacteroidia.o__Bacteroidales.f__Bacteroidaceae.g__Bacteroides.s__,g__Bacteroides,g__Bacteroides,f__Bacteroidaceae,o__Bacteroidales,c__Bacteroidia,p__Bacteroidetes,Methotrexate,1.940392713,2.82E-09,Promotion,no,Single drug analysis
k__Bacteria.p__Firmicutes.c__Bacilli.o__Lactobacillales.__.__.__,o__Lactobacillales,g__8,f__3,o__Lactobacillales,c__Bacilli,p__Firmicutes,Methotrexate,-8.518037531,0,Inhibition,no,Single drug analysis
k__Bacteria.p__Firmicutes.c__Bacilli.o__Lactobacillales.f__Enterococcaceae.g__Enterococcus.s__,g__Enterococcus2,g__Enterococcus,f__Enterococcaceae,o__Lactobacillales,c__Bacilli,p__Firmicutes,Methotrexate,3.995381618,6.47E-72,Promotion,no,Single drug analysis
k__Bacteria.p__Firmicutes.c__Bacilli.o__Lactobacillales.f__Lactobacillaceae.g__Lactobacillus.__,g__Lactobacillus,g__Lactobacillus,f__Lactobacillaceae,o__Lactobacillales,c__Bacilli,p__Firmicutes,Methotrexate,-7.853317611,0,Inhibition,no,Single drug analysis
k__Bacteria.p__Firmicutes.c__Bacilli.o__Lactobacillales.f__Lactobacillaceae.g__Lactobacillus.s__zeae,L. zeae,g__Lactobacillus,f__Lactobacillaceae,o__Lactobacillales,c__Bacilli,p__Firmicutes,Methotrexate,-2.05421345,1.31E-48,Inhibition,no,Single drug analysis
k__Bacteria.p__Firmicutes.c__Clostridia.o__Clostridiales.f__.g__.s__,o__Clostridiales1,g__6,f__1,o__Clostridiales,c__Clostridia,p__Firmicutes,Methotrexate,1.230924494,0.096196347,Promotion,no,Single drug analysis
k__Bacteria.p__Firmicutes.c__Clostridia.o__Clostridiales.f__Lachnospiraceae.g__.Ruminococcus..s__gnavus,R. gnavus,g__Ruminococcus2,f__Lachnospiraceae,o__Clostridiales,c__Clostridia,p__Firmicutes,Methotrexate,-2.120337744,9.48E-08,Inhibition,no,Single drug analysis
k__Bacteria.p__Firmicutes.c__Clostridia.o__Clostridiales.f__Lachnospiraceae.g__.s__,f__Lachnospiraceae2,g__5,f__Lachnospiraceae,o__Clostridiales,c__Clostridia,p__Firmicutes,Methotrexate,1.839683183,0.081740643,Promotion,no,Single drug analysis
k__Bacteria.p__Firmicutes.c__Clostridia.o__Clostridiales.f__Lachnospiraceae.g__Blautia.s__,g__Blautia,g__Blautia,f__Lachnospiraceae,o__Clostridiales,c__Clostridia,p__Firmicutes,Methotrexate,1.678180795,1.09E-10,Promotion,no,Single drug analysis
k__Bacteria.p__Firmicutes.c__Clostridia.o__Clostridiales.f__Lachnospiraceae.g__Blautia.s__producta,B. producta,g__Blautia,f__Lachnospiraceae,o__Clostridiales,c__Clostridia,p__Firmicutes,Methotrexate,0.831098326,0.000255835,Promotion,no,Single drug analysis
k__Bacteria.p__Firmicutes.c__Clostridia.o__Clostridiales.f__Lachnospiraceae.g__Clostridium.s__hathewayi,C. hathewayi,g__Clostridium2,f__Lachnospiraceae,o__Clostridiales,c__Clostridia,p__Firmicutes,Methotrexate,2.823941796,0.000202716,Promotion,no,Single drug analysis
k__Bacteria.p__Firmicutes.c__Clostridia.o__Clostridiales.f__Lachnospiraceae.g__Coprococcus.s__,g__Coprococcus,g__Coprococcus,f__Lachnospiraceae,o__Clostridiales,c__Clostridia,p__Firmicutes,Methotrexate,-2.436559034,5.77E-05,Inhibition,no,Single drug analysis
k__Bacteria.p__Firmicutes.c__Clostridia.o__Clostridiales.f__Peptostreptococcaceae.__.__,f__Peptostreptococcaceae,g__3,f__Peptostreptococcaceae,o__Clostridiales,c__Clostridia,p__Firmicutes,Methotrexate,2.3628652,1.45E-06,Promotion,no,Single drug analysis
k__Bacteria.p__Firmicutes.c__Clostridia.o__Clostridiales.f__Ruminococcaceae.__.__,f__Ruminococcaceae,g__2,f__Ruminococcaceae,o__Clostridiales,c__Clostridia,p__Firmicutes,Methotrexate,-2.950970932,1.26E-17,Inhibition,no,Single drug analysis
k__Bacteria.p__Firmicutes.c__Clostridia.o__Clostridiales.f__Ruminococcaceae.g__Faecalibacterium.s__prausnitzii,F. prausnitzii,g__Faecalibacterium,f__Ruminococcaceae,o__Clostridiales,c__Clostridia,p__Firmicutes,Methotrexate,2.052452291,2.07E-05,Promotion,no,Single drug analysis
k__Bacteria.p__Firmicutes.c__Clostridia.o__Clostridiales.f__Ruminococcaceae.g__Subdoligranulum.s__variabile,S. variabile,g__Subdoligranulum,f__Ruminococcaceae,o__Clostridiales,c__Clostridia,p__Firmicutes,Methotrexate,-1.840466818,0.001971833,Inhibition,no,Single drug analysis
k__Bacteria.p__Firmicutes.c__Clostridia.o__Clostridiales.f__Veillonellaceae.g__Veillonella.s__dispar,V. dispar,g__Veillonella,f__Veillonellaceae,o__Clostridiales,c__Clostridia,p__Firmicutes,Methotrexate,-2.06564887,0.00442239,Inhibition,no,Single drug analysis
k__Bacteria.p__Firmicutes.c__Erysipelotrichi.o__Erysipelotrichales.f__Erysipelotrichaceae.g__.Eubacterium..s__dolichum,E. dolichum,g__Eubacterium,f__Erysipelotrichaceae,o__Erysipelotrichales,c__Erysipelotrichi,p__Firmicutes,Methotrexate,1.676404199,8.68E-35,Promotion,no,Single drug analysis
k__Bacteria.p__Firmicutes.c__Erysipelotrichi.o__Erysipelotrichales.f__Erysipelotrichaceae.g__Clostridium.s__ramosum,C. ramosum,g__Clostridium1,f__Erysipelotrichaceae,o__Erysipelotrichales,c__Erysipelotrichi,p__Firmicutes,Methotrexate,2.055595127,9.11E-05,Promotion,no,Single drug analysis
k__Bacteria.p__Proteobacteria.c__Gammaproteobacteria.o__Enterobacteriales.f__Enterobacteriaceae.__.__,f__Enterobacteriaceae,g__1,f__Enterobacteriaceae,o__Enterobacteriales,c__Gammaproteobacteria,p__Proteobacteria,Methotrexate,-6.352199302,1.90E-173,Inhibition,no,Single drug analysis
k__Bacteria.p__Bacteroidetes.c__Bacteroidia.o__Bacteroidales.f__Porphyromonadaceae.g__Parabacteroides.s__,g__Parabacteroides,g__Parabacteroides,f__Porphyromonadaceae,o__Bacteroidales,c__Bacteroidia,p__Bacteroidetes,Metronidazole,10.07971073,0.001182207,Promotion,yes,Single drug analysis
k__Bacteria.p__Firmicutes.c__Bacilli.o__Lactobacillales.f__Enterococcaceae.g__Enterococcus.__,g__Enterococcus1,g__Enterococcus,f__Enterococcaceae,o__Lactobacillales,c__Bacilli,p__Firmicutes,Metronidazole,0.283035482,0,Promotion,yes,Single drug analysis
k__Bacteria.p__Firmicutes.c__Bacilli.o__Lactobacillales.f__Enterococcaceae.g__Enterococcus.s__,g__Enterococcus2,g__Enterococcus,f__Enterococcaceae,o__Lactobacillales,c__Bacilli,p__Firmicutes,Metronidazole,0.314391129,0,Promotion,yes,Single drug analysis
k__Bacteria.p__Firmicutes.c__Bacilli.o__Lactobacillales.f__Streptococcaceae.g__Streptococcus.s__,g__Streptococcus,g__Streptococcus,f__Streptococcaceae,o__Lactobacillales,c__Bacilli,p__Firmicutes,Metronidazole,1.133960608,0,Promotion,yes,Single drug analysis
k__Bacteria.p__Firmicutes.c__Clostridia.o__Clostridiales.f__Lachnospiraceae.g__.Ruminococcus..s__,g__Ruminococcus2,g__Ruminococcus2,f__Lachnospiraceae,o__Clostridiales,c__Clostridia,p__Firmicutes,Metronidazole,0.5545596,0.001385592,Promotion,yes,Single drug analysis
k__Bacteria.p__Firmicutes.c__Bacilli.o__Lactobacillales.f__Lactobacillaceae.g__Lactobacillus.s__zeae,L. zeae,g__Lactobacillus,f__Lactobacillaceae,o__Lactobacillales,c__Bacilli,p__Firmicutes,Phenoxymethylpenicillin,-1.391036226,2.33E-08,Inhibition,yes,Single drug analysis
k__Bacteria.p__Firmicutes.c__Bacilli.o__Lactobacillales.f__Streptococcaceae.g__Streptococcus.s__,g__Streptococcus,g__Streptococcus,f__Streptococcaceae,o__Lactobacillales,c__Bacilli,p__Firmicutes,Phenoxymethylpenicillin,2.172490697,1.39E-32,Promotion,yes,Single drug analysis
k__Bacteria.p__Firmicutes.c__Clostridia.o__Clostridiales.f__Ruminococcaceae.__.__,f__Ruminococcaceae,g__2,f__Ruminococcaceae,o__Clostridiales,c__Clostridia,p__Firmicutes,Phenoxymethylpenicillin,2.244034496,0.000452481,Promotion,yes,Single drug analysis
k__Bacteria.p__Proteobacteria.c__Gammaproteobacteria.o__Enterobacteriales.f__Enterobacteriaceae.__.__,f__Enterobacteriaceae,g__1,f__Enterobacteriaceae,o__Enterobacteriales,c__Gammaproteobacteria,p__Proteobacteria,Phenoxymethylpenicillin,-3.719898723,1.02E-12,Inhibition,yes,Single drug analysis
k__Bacteria.p__Firmicutes.c__Clostridia.o__Clostridiales.f__Lachnospiraceae.__.__,f__Lachnospiraceae1,g__4,f__Lachnospiraceae,o__Clostridiales,c__Clostridia,p__Firmicutes,Piperacillin.tazobactam,-0.981512539,0.095012931,Inhibition,yes,Single drug analysis
k__Bacteria.p__Bacteroidetes.c__Bacteroidia.o__Bacteroidales.f__Bacteroidaceae.g__Bacteroides.s__,g__Bacteroides,g__Bacteroides,f__Bacteroidaceae,o__Bacteroidales,c__Bacteroidia,p__Bacteroidetes,Thiotepa,-2.832610545,0.034454943,Inhibition,no,Single drug analysis
k__Bacteria.p__Firmicutes.c__Bacilli.o__Lactobacillales.__.__.__,o__Lactobacillales,g__8,f__3,o__Lactobacillales,c__Bacilli,p__Firmicutes,Thiotepa,-10.36753672,0,Inhibition,no,Single drug analysis
k__Bacteria.p__Firmicutes.c__Bacilli.o__Lactobacillales.f__Enterococcaceae.g__Enterococcus.__,g__Enterococcus1,g__Enterococcus,f__Enterococcaceae,o__Lactobacillales,c__Bacilli,p__Firmicutes,Thiotepa,-3.113304949,1.38E-23,Inhibition,no,Single drug analysis
k__Bacteria.p__Firmicutes.c__Bacilli.o__Lactobacillales.f__Lactobacillaceae.g__Lactobacillus.__,g__Lactobacillus,g__Lactobacillus,f__Lactobacillaceae,o__Lactobacillales,c__Bacilli,p__Firmicutes,Thiotepa,3.064667273,9.27E-17,Promotion,no,Single drug analysis
k__Bacteria.p__Firmicutes.c__Bacilli.o__Lactobacillales.f__Streptococcaceae.g__Streptococcus.s__,g__Streptococcus,g__Streptococcus,f__Streptococcaceae,o__Lactobacillales,c__Bacilli,p__Firmicutes,Thiotepa,5.361365234,5.52E-80,Promotion,no,Single drug analysis
k__Bacteria.p__Firmicutes.c__Erysipelotrichi.o__Erysipelotrichales.f__Erysipelotrichaceae.g__.Eubacterium..s__dolichum,E. dolichum,g__Eubacterium,f__Erysipelotrichaceae,o__Erysipelotrichales,c__Erysipelotrichi,p__Firmicutes,Thiotepa,-2.801843784,1.42E-10,Inhibition,no,Single drug analysis
k__Bacteria.p__Proteobacteria.c__Gammaproteobacteria.o__Enterobacteriales.f__Enterobacteriaceae.__.__,f__Enterobacteriaceae,g__1,f__Enterobacteriaceae,o__Enterobacteriales,c__Gammaproteobacteria,p__Proteobacteria,Thiotepa,3.979598382,2.77E-22,Promotion,no,Single drug analysis
k__Bacteria.p__Firmicutes.c__Bacilli.o__Lactobacillales.__.__.__,o__Lactobacillales,g__8,f__3,o__Lactobacillales,c__Bacilli,p__Firmicutes,Trimethoprim.sulfamethoxazole,-2.737088216,1.00E-18,Inhibition,yes,Single drug analysis
k__Bacteria.p__Firmicutes.c__Bacilli.o__Lactobacillales.f__Enterococcaceae.g__Enterococcus.s__,g__Enterococcus2,g__Enterococcus,f__Enterococcaceae,o__Lactobacillales,c__Bacilli,p__Firmicutes,Trimethoprim.sulfamethoxazole,-3.495804245,0.004043716,Inhibition,yes,Single drug analysis
k__Bacteria.p__Firmicutes.c__Bacilli.o__Lactobacillales.f__Lactobacillaceae.g__Lactobacillus.__,g__Lactobacillus,g__Lactobacillus,f__Lactobacillaceae,o__Lactobacillales,c__Bacilli,p__Firmicutes,Trimethoprim.sulfamethoxazole,-1.358195822,0.032727461,Inhibition,yes,Single drug analysis
k__Bacteria.p__Firmicutes.c__Bacilli.o__Lactobacillales.f__Streptococcaceae.g__Streptococcus.s__,g__Streptococcus,g__Streptococcus,f__Streptococcaceae,o__Lactobacillales,c__Bacilli,p__Firmicutes,Trimethoprim.sulfamethoxazole,5.063115472,4.84E-39,Promotion,yes,Single drug analysis
k__Bacteria.p__Actinobacteria.c__Actinobacteria.o__Actinomycetales.f__Actinomycetaceae.g__Actinomyces.s__,g__Actinomyces,g__Actinomyces,f__Actinomycetaceae,o__Actinomycetales,c__Actinobacteria,p__Actinobacteria,Vancomycin,0.03693217,0.067817546,Promotion,yes,Single drug analysis
k__Bacteria.p__Bacteroidetes.c__Bacteroidia.o__Bacteroidales.f__Bacteroidaceae.g__Bacteroides.s__caccae,B. caccae,g__Bacteroides,f__Bacteroidaceae,o__Bacteroidales,c__Bacteroidia,p__Bacteroidetes,Vancomycin,-0.25389987,0.013037051,Inhibition,yes,Single drug analysis
k__Bacteria.p__Firmicutes.c__Bacilli.o__Lactobacillales.f__Enterococcaceae.g__Enterococcus.__,g__Enterococcus1,g__Enterococcus,f__Enterococcaceae,o__Lactobacillales,c__Bacilli,p__Firmicutes,Vancomycin,0.158282307,0.000902839,Promotion,yes,Single drug analysis
k__Bacteria.p__Firmicutes.c__Bacilli.o__Lactobacillales.f__Streptococcaceae.g__Streptococcus.s__,g__Streptococcus,g__Streptococcus,f__Streptococcaceae,o__Lactobacillales,c__Bacilli,p__Firmicutes,Vancomycin,0.649284358,0.000706651,Promotion,yes,Single drug analysis
k__Bacteria.p__Firmicutes.c__Clostridia.o__Clostridiales.__.__.__,o__Clostridiales2,g__7,f__2,o__Clostridiales,c__Clostridia,p__Firmicutes,Vancomycin,-0.529992672,2.02E-09,Inhibition,yes,Single drug analysis
k__Bacteria.p__Firmicutes.c__Clostridia.o__Clostridiales.f__Lachnospiraceae.__.__,f__Lachnospiraceae1,g__4,f__Lachnospiraceae,o__Clostridiales,c__Clostridia,p__Firmicutes,Vancomycin,-0.496892193,0.068978961,Inhibition,yes,Single drug analysis
k__Bacteria.p__Firmicutes.c__Clostridia.o__Clostridiales.f__Lachnospiraceae.g__.Ruminococcus..s__gnavus,R. gnavus,g__Ruminococcus2,f__Lachnospiraceae,o__Clostridiales,c__Clostridia,p__Firmicutes,Vancomycin,-1.092488224,0.013037051,Inhibition,yes,Single drug analysis
k__Bacteria.p__Firmicutes.c__Clostridia.o__Clostridiales.f__Lachnospiraceae.g__.s__,f__Lachnospiraceae2,g__5,f__Lachnospiraceae,o__Clostridiales,c__Clostridia,p__Firmicutes,Vancomycin,-0.557293637,0.035079634,Inhibition,yes,Single drug analysis
k__Bacteria.p__Firmicutes.c__Clostridia.o__Clostridiales.f__Lachnospiraceae.g__Coprococcus.s__,g__Coprococcus,g__Coprococcus,f__Lachnospiraceae,o__Clostridiales,c__Clostridia,p__Firmicutes,Vancomycin,-0.981387998,0.000902839,Inhibition,yes,Single drug analysis
k__Bacteria.p__Firmicutes.c__Clostridia.o__Clostridiales.f__Lachnospiraceae.g__Dorea.s__,g__Dorea,g__Dorea,f__Lachnospiraceae,o__Clostridiales,c__Clostridia,p__Firmicutes,Vancomycin,-0.321491557,2.71E-06,Inhibition,yes,Single drug analysis
k__Bacteria.p__Firmicutes.c__Clostridia.o__Clostridiales.f__Lachnospiraceae.g__Roseburia.s__,g__Roseburia,g__Roseburia,f__Lachnospiraceae,o__Clostridiales,c__Clostridia,p__Firmicutes,Vancomycin,-0.205647856,0.099223398,Inhibition,yes,Single drug analysis
k__Bacteria.p__Firmicutes.c__Clostridia.o__Clostridiales.f__Lachnospiraceae.g__Roseburia.s__faecis,R. faecis,g__Roseburia,f__Lachnospiraceae,o__Clostridiales,c__Clostridia,p__Firmicutes,Vancomycin,-0.821160692,0.00432696,Inhibition,yes,Single drug analysis
k__Bacteria.p__Firmicutes.c__Clostridia.o__Clostridiales.f__Ruminococcaceae.g__Faecalibacterium.s__prausnitzii,F. prausnitzii,g__Faecalibacterium,f__Ruminococcaceae,o__Clostridiales,c__Clostridia,p__Firmicutes,Vancomycin,-0.88970179,0.035079634,Inhibition,yes,Single drug analysis
k__Bacteria.p__Firmicutes.c__Clostridia.o__Clostridiales.f__Ruminococcaceae.g__Oscillospira.s__,g__Oscillospira,g__Oscillospira,f__Ruminococcaceae,o__Clostridiales,c__Clostridia,p__Firmicutes,Vancomycin,-0.957563746,2.71E-06,Inhibition,yes,Single drug analysis
k__Bacteria.p__Firmicutes.c__Clostridia.o__Clostridiales.f__Ruminococcaceae.g__Ruminococcus.s__,g__Ruminococcus1,g__Ruminococcus1,f__Ruminococcaceae,o__Clostridiales,c__Clostridia,p__Firmicutes,Vancomycin,-0.580789399,1.84E-05,Inhibition,yes,Single drug analysis
k__Bacteria.p__Firmicutes.c__Bacilli.o__Lactobacillales.f__Enterococcaceae.g__Enterococcus.s__,g__Enterococcus2,g__Enterococcus,f__Enterococcaceae,o__Lactobacillales,c__Bacilli,p__Firmicutes,VP16,1.879432633,1.73E-06,Promotion,no,Single drug analysis
k__Bacteria.p__Firmicutes.c__Bacilli.o__Lactobacillales.f__Lactobacillaceae.g__Lactobacillus.s__zeae,L. zeae,g__Lactobacillus,f__Lactobacillaceae,o__Lactobacillales,c__Bacilli,p__Firmicutes,VP16,8.524242939,0,Promotion,no,Single drug analysis
k__Bacteria.p__Firmicutes.c__Bacilli.o__Lactobacillales.f__Streptococcaceae.g__Streptococcus.s__,g__Streptococcus,g__Streptococcus,f__Streptococcaceae,o__Lactobacillales,c__Bacilli,p__Firmicutes,VP16,-6.636469119,0,Inhibition,no,Single drug analysis
k__Bacteria.p__Firmicutes.c__Clostridia.o__Clostridiales.f__Lachnospiraceae.g__Blautia.s__,g__Blautia,g__Blautia,f__Lachnospiraceae,o__Clostridiales,c__Clostridia,p__Firmicutes,VP16,-4.261755434,6.96E-34,Inhibition,no,Single drug analysis
k__Bacteria.p__Firmicutes.c__Clostridia.o__Clostridiales.f__Lachnospiraceae.g__Blautia.s__producta,B. producta,g__Blautia,f__Lachnospiraceae,o__Clostridiales,c__Clostridia,p__Firmicutes,VP16,-1.25863809,5.32E-05,Inhibition,no,Single drug analysis
k__Bacteria.p__Firmicutes.c__Clostridia.o__Clostridiales.f__Peptostreptococcaceae.__.__,f__Peptostreptococcaceae,g__3,f__Peptostreptococcaceae,o__Clostridiales,c__Clostridia,p__Firmicutes,VP16,-1.910203132,0.085588818,Inhibition,no,Single drug analysis
k__Bacteria.p__Firmicutes.c__Clostridia.o__Clostridiales.f__Ruminococcaceae.__.__,f__Ruminococcaceae,g__2,f__Ruminococcaceae,o__Clostridiales,c__Clostridia,p__Firmicutes,VP16,-1.555495715,0.000607018,Inhibition,no,Single drug analysis
k__Bacteria.p__Firmicutes.c__Erysipelotrichi.o__Erysipelotrichales.f__Erysipelotrichaceae.g__Clostridium.s__ramosum,C. ramosum,g__Clostridium1,f__Erysipelotrichaceae,o__Erysipelotrichales,c__Erysipelotrichi,p__Firmicutes,VP16,1.968859033,0.006250169,Promotion,no,Single drug analysis
k__Bacteria.p__Proteobacteria.c__Gammaproteobacteria.o__Enterobacteriales.f__Enterobacteriaceae.__.__,f__Enterobacteriaceae,g__1,f__Enterobacteriaceae,o__Enterobacteriales,c__Gammaproteobacteria,p__Proteobacteria,VP16,-3.732656676,7.01E-26,Inhibition,no,Single drug analysis
NA,NA,NA,NA,NA,NA,NA,Amphotericin.B,NA,NA,NA,yes,Single drug analysis
NA,NA,NA,NA,NA,NA,NA,ATG,NA,NA,NA,no,Single drug analysis
NA,NA,NA,NA,NA,NA,NA,Carbapenem,NA,NA,NA,yes,Single drug analysis
NA,NA,NA,NA,NA,NA,NA,Ceftriaxon,NA,NA,NA,yes,Single drug analysis
NA,NA,NA,NA,NA,NA,NA,Cefuroxime,NA,NA,NA,yes,Single drug analysis
NA,NA,NA,NA,NA,NA,NA,Cephalosporins,NA,NA,NA,yes,Single drug analysis
NA,NA,NA,NA,NA,NA,NA,Linezolid,NA,NA,NA,yes,Single drug analysis
NA,NA,NA,NA,NA,NA,NA,Tobramycin,NA,NA,NA,yes,Single drug analysis
k__Bacteria.p__Firmicutes.c__Bacilli.o__Lactobacillales.f__Enterococcaceae.g__Enterococcus.s__,g__Enterococcus2,g__Enterococcus,f__Enterococcaceae,o__Lactobacillales,c__Bacilli,p__Firmicutes,Busulfan,-1.299091667,0.002525947,Inhibition,no,Multiple drug analysis
k__Bacteria.p__Firmicutes.c__Bacilli.o__Lactobacillales.f__Lactobacillaceae.g__Lactobacillus.__,g__Lactobacillus,g__Lactobacillus,f__Lactobacillaceae,o__Lactobacillales,c__Bacilli,p__Firmicutes,Busulfan,-3.156280031,2.35E-89,Inhibition,no,Multiple drug analysis
k__Bacteria.p__Firmicutes.c__Bacilli.o__Lactobacillales.f__Lactobacillaceae.g__Lactobacillus.s__zeae,L. zeae,g__Lactobacillus,f__Lactobacillaceae,o__Lactobacillales,c__Bacilli,p__Firmicutes,Busulfan,-9.84616578,0,Inhibition,no,Multiple drug analysis
k__Bacteria.p__Firmicutes.c__Bacilli.o__Lactobacillales.f__Streptococcaceae.g__Streptococcus.s__,g__Streptococcus,g__Streptococcus,f__Streptococcaceae,o__Lactobacillales,c__Bacilli,p__Firmicutes,Busulfan,9.326685874,0,Promotion,no,Multiple drug analysis
k__Bacteria.p__Firmicutes.c__Clostridia.o__Clostridiales.f__Lachnospiraceae.g__Blautia.s__,g__Blautia,g__Blautia,f__Lachnospiraceae,o__Clostridiales,c__Clostridia,p__Firmicutes,Busulfan,5.481177869,8.73E-54,Promotion,no,Multiple drug analysis
k__Bacteria.p__Firmicutes.c__Clostridia.o__Clostridiales.f__Lachnospiraceae.g__Blautia.s__producta,B. producta,g__Blautia,f__Lachnospiraceae,o__Clostridiales,c__Clostridia,p__Firmicutes,Busulfan,1.029104863,0.002525947,Promotion,no,Multiple drug analysis
k__Bacteria.p__Firmicutes.c__Clostridia.o__Clostridiales.f__Ruminococcaceae.__.__,f__Ruminococcaceae,g__2,f__Ruminococcaceae,o__Clostridiales,c__Clostridia,p__Firmicutes,Busulfan,3.159019478,1.36E-13,Promotion,no,Multiple drug analysis
k__Bacteria.p__Firmicutes.c__Erysipelotrichi.o__Erysipelotrichales.f__Erysipelotrichaceae.g__.Eubacterium..s__dolichum,E. dolichum,g__Eubacterium,f__Erysipelotrichaceae,o__Erysipelotrichales,c__Erysipelotrichi,p__Firmicutes,Busulfan,-6.026982471,6.99E-222,Inhibition,no,Multiple drug analysis
k__Bacteria.p__Firmicutes.c__Erysipelotrichi.o__Erysipelotrichales.f__Erysipelotrichaceae.g__Clostridium.s__ramosum,C. ramosum,g__Clostridium1,f__Erysipelotrichaceae,o__Erysipelotrichales,c__Erysipelotrichi,p__Firmicutes,Busulfan,-1.830549768,0.019818246,Inhibition,no,Multiple drug analysis
k__Bacteria.p__Proteobacteria.c__Gammaproteobacteria.o__Enterobacteriales.f__Enterobacteriaceae.__.__,f__Enterobacteriaceae,g__1,f__Enterobacteriaceae,o__Enterobacteriales,c__Gammaproteobacteria,p__Proteobacteria,Busulfan,3.638842598,1.09E-24,Promotion,no,Multiple drug analysis
k__Bacteria.p__Bacteroidetes.c__Bacteroidia.o__Bacteroidales.f__Bacteroidaceae.g__Bacteroides.s__ovatus,B. ovatus,g__Bacteroides,f__Bacteroidaceae,o__Bacteroidales,c__Bacteroidia,p__Bacteroidetes,Cyclophosphamide,1.594298208,0.016875744,Promotion,no,Multiple drug analysis
k__Bacteria.p__Firmicutes.c__Bacilli.o__Lactobacillales.__.__.__,o__Lactobacillales,g__8,f__3,o__Lactobacillales,c__Bacilli,p__Firmicutes,Cyclophosphamide,25.31714748,0,Promotion,no,Multiple drug analysis
k__Bacteria.p__Firmicutes.c__Bacilli.o__Lactobacillales.f__Enterococcaceae.g__Enterococcus.__,g__Enterococcus1,g__Enterococcus,f__Enterococcaceae,o__Lactobacillales,c__Bacilli,p__Firmicutes,Cyclophosphamide,-1.191469484,0.000745389,Inhibition,no,Multiple drug analysis
k__Bacteria.p__Firmicutes.c__Bacilli.o__Lactobacillales.f__Lactobacillaceae.g__Lactobacillus.__,g__Lactobacillus,g__Lactobacillus,f__Lactobacillaceae,o__Lactobacillales,c__Bacilli,p__Firmicutes,Cyclophosphamide,-3.619926603,1.83E-123,Inhibition,no,Multiple drug analysis
k__Bacteria.p__Firmicutes.c__Bacilli.o__Lactobacillales.f__Lactobacillaceae.g__Lactobacillus.s__zeae,L. zeae,g__Lactobacillus,f__Lactobacillaceae,o__Lactobacillales,c__Bacilli,p__Firmicutes,Cyclophosphamide,-11.88917655,0,Inhibition,no,Multiple drug analysis
k__Bacteria.p__Firmicutes.c__Bacilli.o__Lactobacillales.f__Streptococcaceae.g__Streptococcus.s__,g__Streptococcus,g__Streptococcus,f__Streptococcaceae,o__Lactobacillales,c__Bacilli,p__Firmicutes,Cyclophosphamide,5.970181668,0,Promotion,no,Multiple drug analysis
k__Bacteria.p__Firmicutes.c__Clostridia.o__Clostridiales.f__Lachnospiraceae.g__Blautia.s__,g__Blautia,g__Blautia,f__Lachnospiraceae,o__Clostridiales,c__Clostridia,p__Firmicutes,Cyclophosphamide,4.236319877,2.52E-21,Promotion,no,Multiple drug analysis
k__Bacteria.p__Firmicutes.c__Clostridia.o__Clostridiales.f__Ruminococcaceae.__.__,f__Ruminococcaceae,g__2,f__Ruminococcaceae,o__Clostridiales,c__Clostridia,p__Firmicutes,Cyclophosphamide,7.540336698,1.43E-110,Promotion,no,Multiple drug analysis
k__Bacteria.p__Firmicutes.c__Erysipelotrichi.o__Erysipelotrichales.f__Erysipelotrichaceae.g__.Eubacterium..s__dolichum,E. dolichum,g__Eubacterium,f__Erysipelotrichaceae,o__Erysipelotrichales,c__Erysipelotrichi,p__Firmicutes,Cyclophosphamide,-10.05137102,0,Inhibition,no,Multiple drug analysis
k__Bacteria.p__Bacteroidetes.c__Bacteroidia.o__Bacteroidales.f__Bacteroidaceae.g__Bacteroides.s__,g__Bacteroides,g__Bacteroides,f__Bacteroidaceae,o__Bacteroidales,c__Bacteroidia,p__Bacteroidetes,Amoxicillin,1.090315605,0.09186004,Promotion,yes,Multiple drug analysis
k__Bacteria.p__Firmicutes.c__Bacilli.o__Lactobacillales.f__Enterococcaceae.g__Enterococcus.__,g__Enterococcus1,g__Enterococcus,f__Enterococcaceae,o__Lactobacillales,c__Bacilli,p__Firmicutes,Amoxicillin,-5.866036687,3.41E-50,Inhibition,yes,Multiple drug analysis
k__Bacteria.p__Bacteroidetes.c__Bacteroidia.o__Bacteroidales.f__Bacteroidaceae.g__Bacteroides.s__,g__Bacteroides,g__Bacteroides,f__Bacteroidaceae,o__Bacteroidales,c__Bacteroidia,p__Bacteroidetes,Ceftazidime,1.506250067,0.001919494,Promotion,yes,Multiple drug analysis
k__Bacteria.p__Bacteroidetes.c__Bacteroidia.o__Bacteroidales.f__Bacteroidaceae.g__Bacteroides.s__fragilis,B. fragilis,g__Bacteroides,f__Bacteroidaceae,o__Bacteroidales,c__Bacteroidia,p__Bacteroidetes,Ceftazidime,3.00413095,4.49E-06,Promotion,yes,Multiple drug analysis
k__Bacteria.p__Firmicutes.c__Bacilli.o__Lactobacillales.f__Enterococcaceae.g__Enterococcus.__,g__Enterococcus1,g__Enterococcus,f__Enterococcaceae,o__Lactobacillales,c__Bacilli,p__Firmicutes,Ceftazidime,2.873343097,6.97E-11,Promotion,yes,Multiple drug analysis
k__Bacteria.p__Proteobacteria.c__Gammaproteobacteria.o__Enterobacteriales.f__Enterobacteriaceae.__.__,f__Enterobacteriaceae,g__1,f__Enterobacteriaceae,o__Enterobacteriales,c__Gammaproteobacteria,p__Proteobacteria,Ceftazidime,4.781648699,2.57E-26,Promotion,yes,Multiple drug analysis
k__Bacteria.p__Firmicutes.c__Bacilli.o__Lactobacillales.__.__.__,o__Lactobacillales,g__8,f__3,o__Lactobacillales,c__Bacilli,p__Firmicutes,Ciprofloxacin,-2.112383887,2.46E-12,Inhibition,yes,Multiple drug analysis
k__Bacteria.p__Firmicutes.c__Bacilli.o__Lactobacillales.f__Lactobacillaceae.g__Lactobacillus.s__zeae,L. zeae,g__Lactobacillus,f__Lactobacillaceae,o__Lactobacillales,c__Bacilli,p__Firmicutes,Ciprofloxacin,-3.618750428,4.87E-15,Inhibition,yes,Multiple drug analysis
k__Bacteria.p__Firmicutes.c__Bacilli.o__Lactobacillales.__.__.__,o__Lactobacillales,g__8,f__3,o__Lactobacillales,c__Bacilli,p__Firmicutes,Fludarabine,7.218615938,0,Promotion,no,Multiple drug analysis
k__Bacteria.p__Firmicutes.c__Bacilli.o__Lactobacillales.f__Enterococcaceae.g__Enterococcus.s__,g__Enterococcus2,g__Enterococcus,f__Enterococcaceae,o__Lactobacillales,c__Bacilli,p__Firmicutes,Fludarabine,-2.95343097,1.20E-12,Inhibition,no,Multiple drug analysis
k__Bacteria.p__Firmicutes.c__Bacilli.o__Lactobacillales.f__Lactobacillaceae.g__Lactobacillus.__,g__Lactobacillus,g__Lactobacillus,f__Lactobacillaceae,o__Lactobacillales,c__Bacilli,p__Firmicutes,Fludarabine,5.236987771,1.94E-238,Promotion,no,Multiple drug analysis
k__Bacteria.p__Firmicutes.c__Bacilli.o__Lactobacillales.f__Lactobacillaceae.g__Lactobacillus.s__zeae,L. zeae,g__Lactobacillus,f__Lactobacillaceae,o__Lactobacillales,c__Bacilli,p__Firmicutes,Fludarabine,-4.764745203,1.32E-132,Inhibition,no,Multiple drug analysis
k__Bacteria.p__Firmicutes.c__Bacilli.o__Lactobacillales.f__Streptococcaceae.g__Streptococcus.s__,g__Streptococcus,g__Streptococcus,f__Streptococcaceae,o__Lactobacillales,c__Bacilli,p__Firmicutes,Fludarabine,18.48604987,0,Promotion,no,Multiple drug analysis
k__Bacteria.p__Firmicutes.c__Clostridia.o__Clostridiales.f__Lachnospiraceae.g__Blautia.s__,g__Blautia,g__Blautia,f__Lachnospiraceae,o__Clostridiales,c__Clostridia,p__Firmicutes,Fludarabine,-1.078836772,0.035543746,Inhibition,no,Multiple drug analysis
k__Bacteria.p__Firmicutes.c__Clostridia.o__Clostridiales.f__Lachnospiraceae.g__Blautia.s__producta,B. producta,g__Blautia,f__Lachnospiraceae,o__Clostridiales,c__Clostridia,p__Firmicutes,Fludarabine,-3.532150576,9.87E-32,Inhibition,no,Multiple drug analysis
k__Bacteria.p__Proteobacteria.c__Gammaproteobacteria.o__Enterobacteriales.f__Enterobacteriaceae.__.__,f__Enterobacteriaceae,g__1,f__Enterobacteriaceae,o__Enterobacteriales,c__Gammaproteobacteria,p__Proteobacteria,Fludarabine,4.78657405,4.71E-35,Promotion,no,Multiple drug analysis
k__Bacteria.p__Firmicutes.c__Bacilli.o__Lactobacillales.__.__.__,o__Lactobacillales,g__8,f__3,o__Lactobacillales,c__Bacilli,p__Firmicutes,Meropenem,3.94285146,4.29E-46,Promotion,yes,Multiple drug analysis
k__Bacteria.p__Firmicutes.c__Bacilli.o__Lactobacillales.f__Streptococcaceae.g__Streptococcus.s__,g__Streptococcus,g__Streptococcus,f__Streptococcaceae,o__Lactobacillales,c__Bacilli,p__Firmicutes,Meropenem,-1.999998536,2.29E-08,Inhibition,yes,Multiple drug analysis
k__Bacteria.p__Firmicutes.c__Erysipelotrichi.o__Erysipelotrichales.f__Erysipelotrichaceae.g__.Eubacterium..s__dolichum,E. dolichum,g__Eubacterium,f__Erysipelotrichaceae,o__Erysipelotrichales,c__Erysipelotrichi,p__Firmicutes,Meropenem,2.340978821,3.48E-06,Promotion,yes,Multiple drug analysis
k__Bacteria.p__Bacteroidetes.c__Bacteroidia.o__Bacteroidales.f__Bacteroidaceae.g__Bacteroides.s__,g__Bacteroides,g__Bacteroides,f__Bacteroidaceae,o__Bacteroidales,c__Bacteroidia,p__Bacteroidetes,Methotrexate,1.651000591,0.001309276,Promotion,no,Multiple drug analysis
k__Bacteria.p__Firmicutes.c__Bacilli.o__Lactobacillales.__.__.__,o__Lactobacillales,g__8,f__3,o__Lactobacillales,c__Bacilli,p__Firmicutes,Methotrexate,-2.630412896,3.15E-152,Inhibition,no,Multiple drug analysis
k__Bacteria.p__Firmicutes.c__Bacilli.o__Lactobacillales.f__Enterococcaceae.g__Enterococcus.__,g__Enterococcus1,g__Enterococcus,f__Enterococcaceae,o__Lactobacillales,c__Bacilli,p__Firmicutes,Methotrexate,1.722724067,4.12E-05,Promotion,no,Multiple drug analysis
k__Bacteria.p__Firmicutes.c__Bacilli.o__Lactobacillales.f__Lactobacillaceae.g__Lactobacillus.__,g__Lactobacillus,g__Lactobacillus,f__Lactobacillaceae,o__Lactobacillales,c__Bacilli,p__Firmicutes,Methotrexate,-8.185578998,0,Inhibition,no,Multiple drug analysis
k__Bacteria.p__Firmicutes.c__Bacilli.o__Lactobacillales.f__Lactobacillaceae.g__Lactobacillus.s__zeae,L. zeae,g__Lactobacillus,f__Lactobacillaceae,o__Lactobacillales,c__Bacilli,p__Firmicutes,Methotrexate,-3.490811117,1.91E-113,Inhibition,no,Multiple drug analysis
k__Bacteria.p__Firmicutes.c__Bacilli.o__Lactobacillales.f__Streptococcaceae.g__Streptococcus.s__,g__Streptococcus,g__Streptococcus,f__Streptococcaceae,o__Lactobacillales,c__Bacilli,p__Firmicutes,Methotrexate,-10.43801163,0,Inhibition,no,Multiple drug analysis
k__Bacteria.p__Firmicutes.c__Clostridia.o__Clostridiales.f__Lachnospiraceae.g__.s__,f__Lachnospiraceae2,g__5,f__Lachnospiraceae,o__Clostridiales,c__Clostridia,p__Firmicutes,Methotrexate,2.653175772,0.017620812,Promotion,no,Multiple drug analysis
k__Bacteria.p__Firmicutes.c__Clostridia.o__Clostridiales.f__Lachnospiraceae.g__Blautia.s__,g__Blautia,g__Blautia,f__Lachnospiraceae,o__Clostridiales,c__Clostridia,p__Firmicutes,Methotrexate,-1.224691786,0.001222585,Inhibition,no,Multiple drug analysis
k__Bacteria.p__Firmicutes.c__Clostridia.o__Clostridiales.f__Lachnospiraceae.g__Blautia.s__producta,B. producta,g__Blautia,f__Lachnospiraceae,o__Clostridiales,c__Clostridia,p__Firmicutes,Methotrexate,3.491844952,3.16E-40,Promotion,no,Multiple drug analysis
k__Bacteria.p__Firmicutes.c__Clostridia.o__Clostridiales.f__Lachnospiraceae.g__Clostridium.s__hathewayi,C. hathewayi,g__Clostridium2,f__Lachnospiraceae,o__Clostridiales,c__Clostridia,p__Firmicutes,Methotrexate,4.087403988,0.000351302,Promotion,no,Multiple drug analysis
k__Bacteria.p__Firmicutes.c__Clostridia.o__Clostridiales.f__Lachnospiraceae.g__Coprococcus.s__,g__Coprococcus,g__Coprococcus,f__Lachnospiraceae,o__Clostridiales,c__Clostridia,p__Firmicutes,Methotrexate,-2.229498397,0.029691325,Inhibition,no,Multiple drug analysis
k__Bacteria.p__Firmicutes.c__Clostridia.o__Clostridiales.f__Peptostreptococcaceae.__.__,f__Peptostreptococcaceae,g__3,f__Peptostreptococcaceae,o__Clostridiales,c__Clostridia,p__Firmicutes,Methotrexate,2.927531091,0.000297838,Promotion,no,Multiple drug analysis
k__Bacteria.p__Firmicutes.c__Clostridia.o__Clostridiales.f__Ruminococcaceae.__.__,f__Ruminococcaceae,g__2,f__Ruminococcaceae,o__Clostridiales,c__Clostridia,p__Firmicutes,Methotrexate,-3.749717105,6.46E-24,Inhibition,no,Multiple drug analysis
k__Bacteria.p__Firmicutes.c__Clostridia.o__Clostridiales.f__Ruminococcaceae.g__Faecalibacterium.s__prausnitzii,F. prausnitzii,g__Faecalibacterium,f__Ruminococcaceae,o__Clostridiales,c__Clostridia,p__Firmicutes,Methotrexate,3.737176704,1.16E-11,Promotion,no,Multiple drug analysis
k__Bacteria.p__Firmicutes.c__Erysipelotrichi.o__Erysipelotrichales.f__Erysipelotrichaceae.g__.Eubacterium..s__dolichum,E. dolichum,g__Eubacterium,f__Erysipelotrichaceae,o__Erysipelotrichales,c__Erysipelotrichi,p__Firmicutes,Methotrexate,0.414617752,0.085174538,Promotion,no,Multiple drug analysis
k__Bacteria.p__Firmicutes.c__Erysipelotrichi.o__Erysipelotrichales.f__Erysipelotrichaceae.g__Clostridium.s__ramosum,C. ramosum,g__Clostridium1,f__Erysipelotrichaceae,o__Erysipelotrichales,c__Erysipelotrichi,p__Firmicutes,Methotrexate,1.797910786,0.0059784,Promotion,no,Multiple drug analysis
k__Bacteria.p__Proteobacteria.c__Gammaproteobacteria.o__Enterobacteriales.f__Enterobacteriaceae.__.__,f__Enterobacteriaceae,g__1,f__Enterobacteriaceae,o__Enterobacteriales,c__Gammaproteobacteria,p__Proteobacteria,Methotrexate,-7.047635003,4.61E-99,Inhibition,no,Multiple drug analysis
k__Bacteria.p__Firmicutes.c__Bacilli.o__Lactobacillales.__.__.__,o__Lactobacillales,g__8,f__3,o__Lactobacillales,c__Bacilli,p__Firmicutes,Phenoxymethylpenicillin,-0.628201054,0.000272119,Inhibition,yes,Multiple drug analysis
k__Bacteria.p__Firmicutes.c__Bacilli.o__Lactobacillales.f__Lactobacillaceae.g__Lactobacillus.s__zeae,L. zeae,g__Lactobacillus,f__Lactobacillaceae,o__Lactobacillales,c__Bacilli,p__Firmicutes,Phenoxymethylpenicillin,-1.242780244,7.96E-07,Inhibition,yes,Multiple drug analysis
k__Bacteria.p__Firmicutes.c__Bacilli.o__Lactobacillales.f__Streptococcaceae.g__Streptococcus.s__,g__Streptococcus,g__Streptococcus,f__Streptococcaceae,o__Lactobacillales,c__Bacilli,p__Firmicutes,Phenoxymethylpenicillin,2.495311444,1.17E-45,Promotion,yes,Multiple drug analysis
k__Bacteria.p__Firmicutes.c__Clostridia.o__Clostridiales.f__Ruminococcaceae.__.__,f__Ruminococcaceae,g__2,f__Ruminococcaceae,o__Clostridiales,c__Clostridia,p__Firmicutes,Phenoxymethylpenicillin,2.333899077,0.000226106,Promotion,yes,Multiple drug analysis
k__Bacteria.p__Proteobacteria.c__Gammaproteobacteria.o__Enterobacteriales.f__Enterobacteriaceae.__.__,f__Enterobacteriaceae,g__1,f__Enterobacteriaceae,o__Enterobacteriales,c__Gammaproteobacteria,p__Proteobacteria,Phenoxymethylpenicillin,-3.616104918,2.47E-12,Inhibition,yes,Multiple drug analysis
k__Bacteria.p__Bacteroidetes.c__Bacteroidia.o__Bacteroidales.f__Bacteroidaceae.g__Bacteroides.s__,g__Bacteroides,g__Bacteroides,f__Bacteroidaceae,o__Bacteroidales,c__Bacteroidia,p__Bacteroidetes,Thiotepa,-2.581846816,1.00E-05,Inhibition,no,Multiple drug analysis
k__Bacteria.p__Firmicutes.c__Bacilli.o__Lactobacillales.__.__.__,o__Lactobacillales,g__8,f__3,o__Lactobacillales,c__Bacilli,p__Firmicutes,Thiotepa,-16.33325713,0,Inhibition,no,Multiple drug analysis
k__Bacteria.p__Firmicutes.c__Bacilli.o__Lactobacillales.f__Enterococcaceae.g__Enterococcus.s__,g__Enterococcus2,g__Enterococcus,f__Enterococcaceae,o__Lactobacillales,c__Bacilli,p__Firmicutes,Thiotepa,3.168233504,5.63E-17,Promotion,no,Multiple drug analysis
k__Bacteria.p__Firmicutes.c__Bacilli.o__Lactobacillales.f__Streptococcaceae.g__Streptococcus.s__,g__Streptococcus,g__Streptococcus,f__Streptococcaceae,o__Lactobacillales,c__Bacilli,p__Firmicutes,Thiotepa,10.83906434,0,Promotion,no,Multiple drug analysis
k__Bacteria.p__Firmicutes.c__Clostridia.o__Clostridiales.f__Lachnospiraceae.g__.Ruminococcus..s__gnavus,R. gnavus,g__Ruminococcus2,f__Lachnospiraceae,o__Clostridiales,c__Clostridia,p__Firmicutes,Thiotepa,-2.453377345,0.000803604,Inhibition,no,Multiple drug analysis
k__Bacteria.p__Firmicutes.c__Clostridia.o__Clostridiales.f__Lachnospiraceae.g__Blautia.s__,g__Blautia,g__Blautia,f__Lachnospiraceae,o__Clostridiales,c__Clostridia,p__Firmicutes,Thiotepa,-5.588266736,1.07E-34,Inhibition,no,Multiple drug analysis
k__Bacteria.p__Firmicutes.c__Clostridia.o__Clostridiales.f__Lachnospiraceae.g__Blautia.s__producta,B. producta,g__Blautia,f__Lachnospiraceae,o__Clostridiales,c__Clostridia,p__Firmicutes,Thiotepa,-1.940916168,1.51E-06,Inhibition,no,Multiple drug analysis
k__Bacteria.p__Firmicutes.c__Erysipelotrichi.o__Erysipelotrichales.f__Erysipelotrichaceae.g__.Eubacterium..s__dolichum,E. dolichum,g__Eubacterium,f__Erysipelotrichaceae,o__Erysipelotrichales,c__Erysipelotrichi,p__Firmicutes,Thiotepa,3.508107464,2.67E-46,Promotion,no,Multiple drug analysis
k__Bacteria.p__Proteobacteria.c__Gammaproteobacteria.o__Enterobacteriales.f__Enterobacteriaceae.__.__,f__Enterobacteriaceae,g__1,f__Enterobacteriaceae,o__Enterobacteriales,c__Gammaproteobacteria,p__Proteobacteria,Thiotepa,2.770170145,3.49E-12,Promotion,no,Multiple drug analysis
k__Bacteria.p__Firmicutes.c__Bacilli.o__Lactobacillales.__.__.__,o__Lactobacillales,g__8,f__3,o__Lactobacillales,c__Bacilli,p__Firmicutes,Trimethoprim.sulfamethoxazole,-6.073896091,1.01E-90,Inhibition,yes,Multiple drug analysis
k__Bacteria.p__Firmicutes.c__Bacilli.o__Lactobacillales.f__Enterococcaceae.g__Enterococcus.s__,g__Enterococcus2,g__Enterococcus,f__Enterococcaceae,o__Lactobacillales,c__Bacilli,p__Firmicutes,Trimethoprim.sulfamethoxazole,-3.956306666,0.000266951,Inhibition,yes,Multiple drug analysis
k__Bacteria.p__Firmicutes.c__Bacilli.o__Lactobacillales.f__Lactobacillaceae.g__Lactobacillus.__,g__Lactobacillus,g__Lactobacillus,f__Lactobacillaceae,o__Lactobacillales,c__Bacilli,p__Firmicutes,Trimethoprim.sulfamethoxazole,-2.007160999,4.28E-05,Inhibition,yes,Multiple drug analysis
k__Bacteria.p__Firmicutes.c__Bacilli.o__Lactobacillales.f__Streptococcaceae.g__Streptococcus.s__,g__Streptococcus,g__Streptococcus,f__Streptococcaceae,o__Lactobacillales,c__Bacilli,p__Firmicutes,Trimethoprim.sulfamethoxazole,4.54736356,3.14E-36,Promotion,yes,Multiple drug analysis
k__Bacteria.p__Bacteroidetes.c__Bacteroidia.o__Bacteroidales.f__Bacteroidaceae.g__Bacteroides.s__,g__Bacteroides,g__Bacteroides,f__Bacteroidaceae,o__Bacteroidales,c__Bacteroidia,p__Bacteroidetes,Vancomycin,-1.974978929,0.017857262,Inhibition,yes,Multiple drug analysis
k__Bacteria.p__Bacteroidetes.c__Bacteroidia.o__Bacteroidales.f__Bacteroidaceae.g__Bacteroides.s__fragilis,B. fragilis,g__Bacteroides,f__Bacteroidaceae,o__Bacteroidales,c__Bacteroidia,p__Bacteroidetes,Vancomycin,2.787239415,0.017857262,Promotion,yes,Multiple drug analysis
k__Bacteria.p__Firmicutes.c__Bacilli.o__Lactobacillales.__.__.__,o__Lactobacillales,g__8,f__3,o__Lactobacillales,c__Bacilli,p__Firmicutes,Vancomycin,-11.49405633,2.25E-127,Inhibition,yes,Multiple drug analysis
k__Bacteria.p__Firmicutes.c__Bacilli.o__Lactobacillales.f__Enterococcaceae.g__Enterococcus.__,g__Enterococcus1,g__Enterococcus,f__Enterococcaceae,o__Lactobacillales,c__Bacilli,p__Firmicutes,Vancomycin,2.830240311,2.09E-05,Promotion,yes,Multiple drug analysis
k__Bacteria.p__Firmicutes.c__Bacilli.o__Lactobacillales.f__Lactobacillaceae.g__Lactobacillus.__,g__Lactobacillus,g__Lactobacillus,f__Lactobacillaceae,o__Lactobacillales,c__Bacilli,p__Firmicutes,Vancomycin,3.320686378,0.000272809,Promotion,yes,Multiple drug analysis
k__Bacteria.p__Firmicutes.c__Bacilli.o__Lactobacillales.f__Lactobacillaceae.g__Lactobacillus.s__zeae,L. zeae,g__Lactobacillus,f__Lactobacillaceae,o__Lactobacillales,c__Bacilli,p__Firmicutes,Vancomycin,3.34410949,0.001688665,Promotion,yes,Multiple drug analysis
k__Bacteria.p__Firmicutes.c__Bacilli.o__Lactobacillales.f__Streptococcaceae.g__Streptococcus.s__,g__Streptococcus,g__Streptococcus,f__Streptococcaceae,o__Lactobacillales,c__Bacilli,p__Firmicutes,Vancomycin,3.169809548,3.67E-08,Promotion,yes,Multiple drug analysis
k__Bacteria.p__Proteobacteria.c__Gammaproteobacteria.o__Enterobacteriales.f__Enterobacteriaceae.__.__,f__Enterobacteriaceae,g__1,f__Enterobacteriaceae,o__Enterobacteriales,c__Gammaproteobacteria,p__Proteobacteria,Vancomycin,1.872233102,0.011284419,Promotion,yes,Multiple drug analysis
k__Bacteria.p__Firmicutes.c__Bacilli.o__Lactobacillales.f__Enterococcaceae.g__Enterococcus.s__,g__Enterococcus2,g__Enterococcus,f__Enterococcaceae,o__Lactobacillales,c__Bacilli,p__Firmicutes,VP16,2.015565431,1.77E-07,Promotion,no,Multiple drug analysis
k__Bacteria.p__Firmicutes.c__Bacilli.o__Lactobacillales.f__Lactobacillaceae.g__Lactobacillus.s__zeae,L. zeae,g__Lactobacillus,f__Lactobacillaceae,o__Lactobacillales,c__Bacilli,p__Firmicutes,VP16,8.802985854,0,Promotion,no,Multiple drug analysis
k__Bacteria.p__Firmicutes.c__Bacilli.o__Lactobacillales.f__Streptococcaceae.g__Streptococcus.s__,g__Streptococcus,g__Streptococcus,f__Streptococcaceae,o__Lactobacillales,c__Bacilli,p__Firmicutes,VP16,-7.905183188,0,Inhibition,no,Multiple drug analysis
k__Bacteria.p__Firmicutes.c__Clostridia.o__Clostridiales.f__Lachnospiraceae.g__Blautia.s__,g__Blautia,g__Blautia,f__Lachnospiraceae,o__Clostridiales,c__Clostridia,p__Firmicutes,VP16,-4.190133458,4.31E-33,Inhibition,no,Multiple drug analysis
k__Bacteria.p__Firmicutes.c__Clostridia.o__Clostridiales.f__Lachnospiraceae.g__Blautia.s__producta,B. producta,g__Blautia,f__Lachnospiraceae,o__Clostridiales,c__Clostridia,p__Firmicutes,VP16,-1.453223536,1.22E-06,Inhibition,no,Multiple drug analysis
k__Bacteria.p__Firmicutes.c__Clostridia.o__Clostridiales.f__Ruminococcaceae.__.__,f__Ruminococcaceae,g__2,f__Ruminococcaceae,o__Clostridiales,c__Clostridia,p__Firmicutes,VP16,-1.518508278,0.000956565,Inhibition,no,Multiple drug analysis
k__Bacteria.p__Firmicutes.c__Erysipelotrichi.o__Erysipelotrichales.f__Erysipelotrichaceae.g__Clostridium.s__ramosum,C. ramosum,g__Clostridium1,f__Erysipelotrichaceae,o__Erysipelotrichales,c__Erysipelotrichi,p__Firmicutes,VP16,1.892711733,0.009627675,Promotion,no,Multiple drug analysis
k__Bacteria.p__Proteobacteria.c__Gammaproteobacteria.o__Enterobacteriales.f__Enterobacteriaceae.__.__,f__Enterobacteriaceae,g__1,f__Enterobacteriaceae,o__Enterobacteriales,c__Gammaproteobacteria,p__Proteobacteria,VP16,-3.683263107,8.99E-26,Inhibition,no,Multiple drug analysis
NA,NA,NA,NA,NA,NA,NA,ATG,NA,NA,NA,no,Multiple drug analysis
NA,NA,NA,NA,NA,NA,NA,Ceftriaxon,NA,NA,NA,yes,Multiple drug analysis
NA,NA,NA,NA,NA,NA,NA,Cefuroxime,NA,NA,NA,yes,Multiple drug analysis
NA,NA,NA,NA,NA,NA,NA,Doxorubicin,NA,NA,NA,no,Multiple drug analysis
NA,NA,NA,NA,NA,NA,NA,Linezolid,NA,NA,NA,yes,Multiple drug analysis
NA,NA,NA,NA,NA,NA,NA,Melphalan,NA,NA,NA,no,Multiple drug analysis
NA,NA,NA,NA,NA,NA,NA,Metronidazole,NA,NA,NA,yes,Multiple drug analysis
NA,NA,NA,NA,NA,NA,NA,Piperacillin.tazobactam,NA,NA,NA,yes,Multiple drug analysis
NA,NA,NA,NA,NA,NA,NA,Tobramycin,NA,NA,NA,yes,Multiple drug analysis
k__Bacteria.p__Firmicutes.c__Clostridia.o__Clostridiales.f__Ruminococcaceae.g__Oscillospira.s__,g__Oscillospira,g__Oscillospira,f__Ruminococcaceae,o__Clostridiales,c__Clostridia,p__Firmicutes,NA,NA,NA,NA,NA,Multiple drug analysis
k__Bacteria.p__Firmicutes.c__Clostridia.o__Clostridiales.f__Ruminococcaceae.g__Ruminococcus.s__,g__Ruminococcus1,g__Ruminococcus1,f__Ruminococcaceae,o__Clostridiales,c__Clostridia,p__Firmicutes,NA,NA,NA,NA,NA,Multiple drug analysis
k__Bacteria.p__Firmicutes.c__Clostridia.o__Clostridiales.f__Veillonellaceae.g__Veillonella.s__parvula,V. parvula,g__Veillonella,f__Veillonellaceae,o__Clostridiales,c__Clostridia,p__Firmicutes,NA,NA,NA,NA,NA,Multiple drug analysis
k__Bacteria.p__Actinobacteria.c__Actinobacteria.o__Bifidobacteriales.f__Bifidobacteriaceae.g__Bifidobacterium.s__breve,B. breve,g__Bifidobacterium,f__Bifidobacteriaceae,o__Bifidobacteriales,c__Actinobacteria,p__Actinobacteria,NA,NA,NA,NA,NA,Multiple drug analysis
k__Bacteria.p__Firmicutes.c__Clostridia.o__Clostridiales.f__.g__.s__,o__Clostridiales1,g__6,f__1,o__Clostridiales,c__Clostridia,p__Firmicutes,NA,NA,NA,NA,NA,Multiple drug analysis
k__Bacteria.p__Firmicutes.c__Clostridia.o__Clostridiales.f__Clostridiaceae.g__Clostridium.s__,g__Clostridium,g__Clostridium3,f__Clostridiaceae,o__Clostridiales,c__Clostridia,p__Firmicutes,NA,NA,NA,NA,NA,Multiple drug analysis
k__Bacteria.p__Firmicutes.c__Clostridia.o__Clostridiales.__.__.__,o__Clostridiales2,g__7,f__2,o__Clostridiales,c__Clostridia,p__Firmicutes,NA,NA,NA,NA,NA,Multiple drug analysis
k__Bacteria.p__Firmicutes.c__Clostridia.o__Clostridiales.f__Ruminococcaceae.g__Subdoligranulum.s__variabile,S. variabile,g__Subdoligranulum,f__Ruminococcaceae,o__Clostridiales,c__Clostridia,p__Firmicutes,NA,NA,NA,NA,NA,Multiple drug analysis
k__Bacteria.p__Firmicutes.c__Clostridia.o__Clostridiales.f__Veillonellaceae.g__Veillonella.s__dispar,V. dispar,g__Veillonella,f__Veillonellaceae,o__Clostridiales,c__Clostridia,p__Firmicutes,NA,NA,NA,NA,NA,Multiple drug analysis
k__Bacteria.p__Bacteroidetes.c__Bacteroidia.o__Bacteroidales.f__Porphyromonadaceae.g__Parabacteroides.s__,g__Parabacteroides,g__Parabacteroides,f__Porphyromonadaceae,o__Bacteroidales,c__Bacteroidia,p__Bacteroidetes,NA,NA,NA,NA,NA,Multiple drug analysis
k__Bacteria.p__Firmicutes.c__Clostridia.o__Clostridiales.f__Lachnospiraceae.g__.Ruminococcus..s__,g__Ruminococcus2,g__Ruminococcus2,f__Lachnospiraceae,o__Clostridiales,c__Clostridia,p__Firmicutes,NA,NA,NA,NA,NA,Multiple drug analysis
k__Bacteria.p__Firmicutes.c__Clostridia.o__Clostridiales.f__Lachnospiraceae.__.__,f__Lachnospiraceae1,g__4,f__Lachnospiraceae,o__Clostridiales,c__Clostridia,p__Firmicutes,NA,NA,NA,NA,NA,Multiple drug analysis
k__Bacteria.p__Actinobacteria.c__Actinobacteria.o__Actinomycetales.f__Actinomycetaceae.g__Actinomyces.s__,g__Actinomyces,g__Actinomyces,f__Actinomycetaceae,o__Actinomycetales,c__Actinobacteria,p__Actinobacteria,NA,NA,NA,NA,NA,Multiple drug analysis
k__Bacteria.p__Bacteroidetes.c__Bacteroidia.o__Bacteroidales.f__Bacteroidaceae.g__Bacteroides.s__caccae,B. caccae,g__Bacteroides,f__Bacteroidaceae,o__Bacteroidales,c__Bacteroidia,p__Bacteroidetes,NA,NA,NA,NA,NA,Multiple drug analysis
k__Bacteria.p__Firmicutes.c__Clostridia.o__Clostridiales.f__Lachnospiraceae.g__Dorea.s__,g__Dorea,g__Dorea,f__Lachnospiraceae,o__Clostridiales,c__Clostridia,p__Firmicutes,NA,NA,NA,NA,NA,Multiple drug analysis
k__Bacteria.p__Firmicutes.c__Clostridia.o__Clostridiales.f__Lachnospiraceae.g__Roseburia.s__,g__Roseburia,g__Roseburia,f__Lachnospiraceae,o__Clostridiales,c__Clostridia,p__Firmicutes,NA,NA,NA,NA,NA,Multiple drug analysis
k__Bacteria.p__Firmicutes.c__Clostridia.o__Clostridiales.f__Lachnospiraceae.g__Roseburia.s__faecis,R. faecis,g__Roseburia,f__Lachnospiraceae,o__Clostridiales,c__Clostridia,p__Firmicutes,NA,NA,NA,NA,NA,Multiple drug analysis
